Time,X,Y,Target X,Target Y,Heading,Speed,Left Voltage,Right Voltage,min dist,l
0,0,0,0,0,0,0,0,0,5,1
0.016666666666666666,0.033329963934023044,0.0003409359380861394,0.8819660112501051,4.23606797749979,0.02269533972468082,0.05200462227795524,1.3579158310648523,1.9999449963396985,6.983334050840298,0.6
0.03333333333333333,0.06664374808274617,0.001434373954530625,0.8819660112501051,4.23606797749979,0.045139048490413246,0.09573026609006531,1.3428780080763667,1.9999450374639265,6.950010075205088,0.6
0.04999999999999997,0.09992482470548134,0.0032714422428194575,0.8819660112501051,4.23606797749979,0.06733509127350977,0.13246142159500127,1.3280769679372957,1.9999450785557498,6.916710614315791,0.6
0.06666666666666661,0.13315722953936884,0.005843053228153108,0.8819660112501051,4.23606797749979,0.08928735974026326,0.16328379215326164,1.3135083440502118,1.9999451195581481,6.883451912858833,0.6
0.08333333333333325,0.16632555114828787,0.00913992486381173,0.8819660112501051,4.23606797749979,0.11099967434014654,0.18911504984811314,1.2991678942057905,1.9999451605010998,6.850249657336928,0.6
0.09999999999999988,0.19941492004083278,0.013152600869017957,0.8819660112501051,4.23606797749979,0.13247578632075085,0.2107308328599744,1.2850514959466537,1.9999452014848387,6.817118986840745,0.6
0.11666666666666652,0.23241099759733258,0.017871469945413918,0.8819660112501051,4.23606797749979,0.15371937966832244,0.22878672081257748,1.2711551421595177,1.999945242639072,6.78407450403129,0.6
0.13333333333333322,0.26529996484375207,0.023286784008764806,0.8819660112501051,4.23606797749979,0.17473407297754903,0.24383681032771107,1.257474936883526,1.999945284091019,6.751130286293945,0.6
0.15,0.29806851110758725,0.029388675471954312,0.8819660112501051,4.23606797749979,0.1955234212540555,0.25634941676134426,1.244007091323285,1.9999453259750901,6.718299897027901,0.6
0.16666666666666677,0.3307038225875906,0.036167173614603275,0.8819660112501051,4.23606797749979,0.21609091765288527,0.2667203467218601,1.230747920055764,1.9999453683938007,6.68559639703709,0.6
0.18333333333333354,0.36319357086742105,0.043612220074088076,0.8819660112501051,4.23606797749979,0.23643999515606767,0.2752841171892036,1.217693837420806,1.9999454114260329,6.653032355992036,0.6
0.20000000000000032,0.39552590139997057,0.05171368349183327,0.8819660112501051,4.23606797749979,0.2565740281922121,0.28232343891113926,1.2048413540855785,1.9999454551125975,6.620619863934152,0.6
0.2166666666666671,0.42768942198770804,0.06046137334814401,0.8819660112501051,4.23606797749979,0.2764963342009127,0.28807723260695334,1.1921870737738403,1.9999454994856525,6.588370542796536,0.6
0.23333333333333386,0.45967319128175077,0.06984505301794522,0.8819660112501051,4.23606797749979,0.29621017514460163,0.2927474049649155,1.1797276901515727,1.9999455445445324,6.556295557916767,0.6
0.2500000000000006,0.491466707320408,0.07985445207896817,0.8819660112501051,4.23606797749979,0.3157187589703608,0.2965045763035336,1.167459983860774,1.9999455902631045,6.5244056295206665,0.6
0.2666666666666671,0.5230598961263156,0.09047927790314444,0.8819660112501051,4.23606797749979,0.33502524102405723,0.2994929220831977,1.155380819693884,1.9999456366067412,6.492711044156782,0.6
0.2833333333333336,0.5544431003795084,0.10170922656112358,0.8819660112501051,4.23606797749979,0.3541327254190662,0.3018342653633583,1.143487143901782,1.9999456835356664,6.46122166606327,0.6
0.3000000000000001,0.5856070681817389,0.11353399306883283,0.8819660112501051,4.23606797749979,0.37304426636171834,0.30363153609040233,1.1317759816285582,1.9999457309978919,6.429946948451028,0.6
0.3166666666666666,0.6165429419260277,0.12594328100416544,0.8819660112501051,4.23606797749979,0.3917628694355029,0.3049716951732997,1.120244434466741,1.999945778922512,6.398895944688501,0.6
0.3333333333333331,0.6472422472851012,0.13892681152146305,0.8819660112501051,4.23606797749979,0.4102914928459669,0.30592820615049504,1.1088896781271906,1.9999458272662414,6.368077319374164,0.6
0.3499999999999996,0.6776968823285332,0.1524743317896269,0.8819660112501051,4.23606797749979,0.4286330486281447,0.3065631244387214,1.0977089602179537,1.9999458759671607,6.337499359285111,0.6
0.3666666666666661,0.7078991067801588,0.16657562287999186,0.8819660112501051,4.23606797749979,0.44679040381827345,0.3069288633292668,1.0866995981269612,1.999945924962347,6.307169984190795,0.6
0.3833333333333326,0.7378405598563786,0.1812200319183425,0.8819660112501051,4.23606797749979,0.46476638007993754,0.3070686813540552,1.0758588279609327,1.9998810955664534,6.2770972444948665,0.6
0.3999999999999991,0.7675151741722569,0.1963978876459123,0.8819660112501051,4.23606797749979,0.4825637554760467,0.3070211131559951,1.0651841673897897,1.9998812078889268,6.247288350643721,0.6
0.4166666666666656,0.7969162317469929,0.21209911527753766,0.8819660112501051,4.23606797749979,0.5001852687877653,0.30681769041388646,1.0546732163577675,1.9998813203606929,6.21774969520043,0.6
0.5666666666666662,1.0482580503812053,0.3753334540223614,0.8819660112501051,4.23606797749979,0.6512976591155875,0.30125014210933704,0.9670611111142458,1.9998823264540089,5.965044794785244,0.6
0.7166666666666697,1.2734231279447639,0.5731856192446704,0.8819660112501051,4.23606797749979,0.7901984535942854,0.2937843150027307,0.8909800082381629,1.9998832933302297,5.738357200469894,0.6
0.8666666666666731,1.4702641544661839,0.7992822531958547,0.8819660112501051,4.23606797749979,0.9185153545105009,0.28673472325839366,0.825188655872584,1.9998841955390754,5.539906477217767,0.6
1.0166666666666766,1.6377221450851136,1.047960564588927,0.8819660112501051,4.23606797749979,1.037712164243121,0.2805287072741229,0.7687216363006497,1.9998850163273383,5.370802325667775,0.6
1.16666666666668,1.775484841811963,1.314264991525792,0.8819660112501051,4.23606797749979,1.1491279110246013,0.2751979248767587,0.7208644760682953,1.9998857428852281,5.23139090946213,0.6
1.3166666666666835,1.8837222971965968,1.5938931684657913,0.8819660112501051,4.23606797749979,1.254014005984573,0.2707061553295315,0.6811511512685974,1.9998863650099437,5.121523149392459,0.6
1.466666666666687,1.9628838829138806,1.8831144177656203,0.8819660112501051,4.23606797749979,1.3535729811507105,0.26702258945470786,0.649387246367853,1.9998868734578894,5.040760715751423,0.6
1.6166666666666905,2.0135436225570578,2.1786735735902085,0.8194041445354618,4.361191710929076,1.4489456306753081,0.26409354552215913,0.6237908762689334,1.999887289127378,4.991167883189672,0.6
1.766666666666694,2.0364144795049914,2.4776790492498746,0.7047280860125693,4.590543827974861,1.5402368475880837,0.2612818685872291,0.5941699592965599,1.9998877755300821,4.985505971845962,0.6
1.9166666666666974,2.032632090644623,2.7775449475621103,0.5843081898978224,4.831383620204355,1.6266735012300173,0.258091447924005,0.5594693512452952,1.9998883507056642,5.024433636515876,0.6
2.0666666666666917,2.0037788600544713,3.0760551961277707,0.4593519355029454,5.08129612899411,1.7075624739275788,0.25446618662597437,0.5206082180746268,1.999888998441778,5.1051521658422825,0.6
2.2166666666666752,1.9517752607069314,3.371425586146072,0.3309639579966017,5.338072084006797,1.7823673107201379,0.2504769586258482,0.4787091420726632,1.9998896962136004,5.223600540771261,0.6
2.3666666666666587,1.8787601119897857,3.6623273194999997,0.2001118449037116,5.599776310192577,1.8507235505060762,0.246228908614889,0.4349173705254574,1.9998904182858064,5.374999428540637,0.6
2.516666666666642,1.7869777979211863,3.9478751941914263,0.06760745194030005,5.8647850961194,1.9124324382075044,0.2418304382144738,0.39028862359482086,1.9998911384433218,5.554366381543701,0.6
2.6666666666666257,1.6786046787829616,4.227557085573496,-0.02475908193801679,6.151901731718448,1.9679210417287132,0.23754376835243912,0.3280850016229314,1.999892080176633,5.756968560350266,0.6
2.816666666666609,1.557056699112258,4.501794831877391,0.1660764244612447,6.547911070521215,2.0043747529540594,0.22565104720786683,0.16374173588213886,1.999894363687918,5.977717067058444,0.6
2.9666666666665926,1.4290445350410401,4.773092828856503,0.4758188472326896,6.9128823097884835,2.014371481136606,0.20904926575610025,-0.02451991718340084,1.99989661605408,6.209885016400089,0.6
3.116666666666576,1.3023120509854311,5.04498708917415,0.9057644977574846,7.18704374926739,1.9939339036568076,0.18931136293973044,-0.24027295979909918,1.999898875559953,6.447106970338335,0.6
3.2666666666665596,1.1857399352481035,5.321356092554479,1.3921117192035348,7.309414894594697,1.939565970609412,0.16717960616691774,-0.4723590918935887,1.9999020163448515,6.556737462691912,0.6
3.416666666666543,1.0924097770897712,5.595460784309636,3.1643634956913997,7.186636310884275,1.847292150211664,0.13458294840923066,-1.1964379819073074,1.9999142992754255,6.514410296224747,0.6
3.5666666666665265,1.0359608941499094,5.889702533483498,3.208926484527908,7.203347431697965,1.6730241123086835,0.09559242092398237,-1.1327794248824214,1.999913400572874,6.444250765717643,0.6
3.71666666666651,1.0300553355307929,6.189288858411676,3.2998016080552257,7.23742560302071,1.5075081264513805,0.0914706517557876,-1.0780181618619977,1.999912583624081,6.338044784283203,0.6
3.8666666666664935,1.072419864189734,6.4859557588935814,3.432313296987359,7.287117486370259,1.3499560658974423,0.09468377968331626,-1.025514507091416,1.9999117578981633,6.199335487262279,0.6
4.016666666666481,1.15968883641265,6.772675950365578,3.6012271115658656,7.350460166837199,1.2004223686805187,0.09958360580061715,-0.9706687931478478,1.999910853360156,6.031644035330918,0.6
4.166666666666504,1.2875792708480922,7.043760696960384,3.80093155082931,7.425349331560991,1.0594656810003649,0.10516563096859417,-0.9112167199987842,1.9999098338108765,5.838543356472649,0.6
4.316666666666528,1.4511639223770036,7.294961571267559,4.025707115766541,7.509640168412453,0.9278206917109537,0.11128168866642288,-0.8468641826897486,1.9999086981156988,5.62362553313209,0.6
4.466666666666551,1.6452130890985979,7.523490734532466,4.270032661196521,7.6012622479486955,0.8061569126615069,0.11785371807423187,-0.7785791854783708,1.9999074797329153,5.390397499710546,0.6
4.616666666666575,1.864537544381584,7.727930401844505,4.528859785284261,7.698322419481598,0.6949458644753924,0.12475654433838886,-0.7079014162402181,1.9999062110283488,5.142156202973448,0.6
4.766666666666598,2.1042723890837736,7.908049375862521,4.797806595962443,7.799177473485916,0.5944168555356293,0.13183611600017095,-0.6364544704897768,1.9999049186916493,4.881710534640302,0.6
4.916666666666622,2.3600708140080706,8.06456756187371,5.0732553749633045,7.9024707656112385,0.5045680227049114,0.13894017730097993,-0.5656784687843768,1.9999036457807002,4.609184609076267,0.6
5.066666666666645,2.6282053088898447,8.19890991686198,5.3523645569028835,8.007136708838582,0.4252037489274106,0.14593723617676188,-0.49672503416249186,1.999902433947456,4.32697494983352,0.6
5.216666666666669,2.905591683410118,8.312979968219972,5.63301806044934,8.112381772668503,0.3559795119871907,0.15272373407866585,-0.4304479670327824,1.9999013141331048,4.037945084875374,0.6
5.366666666666692,3.189758023639554,8.408969227294273,5.913736848782107,8.21765131829329,0.29644398776076314,0.15922378649017885,-0.3674401191313614,1.9999003785040936,3.7443114784951925,0.6
5.5166666666667155,3.4787800745363255,8.489207559913476,6.193573538175141,8.322590076815677,0.24607407060574013,0.16538530669129559,-0.3080864378784869,1.999899643405319,3.4477250350021764,0.6
5.666666666666739,3.771200326388914,8.556052298947838,6.472004809001234,8.427001803375463,0.20430177835446536,0.1711749167805234,-0.2526173374262659,1.999899010606105,3.149364790080927,0.6
5.816666666666762,4.065943203531794,8.611810230222769,6.748830839628482,8.53081156486068,0.170533646630443,0.1765730136955427,-0.2011551245692758,1.9998984580267383,2.8500319251022685,0.6
5.966666666666786,4.3622341558224695,8.658685356672363,7.02408647460973,8.63403242797865,0.1441639036462265,0.18156953534380335,-0.1537508348038787,1.9998979660253666,2.550237011023805,0.6
6.116666666666809,4.659527073120019,8.69874567643736,7.297965903649459,8.736737213868548,0.12458291040896613,0.18616066008415064,-0.11041113358793164,1.9998975202874558,2.2502767774490895,0.6
6.266666666666833,4.957442072794052,8.733903250423191,7.570760838442139,8.839035314415803,0.11118230684422092,0.1903464537751851,-0.07111602420564138,1.9998971123468414,1.9502989804649213,0.6
6.416666666666856,5.255714206742177,8.765903120689892,7.842811240191922,8.941054215071972,0.10335814722206346,0.19412938041800035,-0.03582862842421843,1.9998967396180174,1.6503553190629916,0.6
6.56666666666688,5.554144702566644,8.796397243196417,8.124570962474735,9.015545953958364,0.10118382668958721,0.19787312536254634,-0.016162405655554626,1.999896532773637,1.350441576688996,0.6
6.716666666666903,5.852696590340281,8.825669471290187,8.487524588048398,8.80017536124571,0.09204236757028379,0.19395887711422305,-0.10192584809152631,1.9998973408162013,1.0505550126500416,0.6
6.8666666666669265,6.151664803430502,8.850268096582845,8.810506773762782,8.523854511811916,0.0696417137140595,0.18616306397426105,-0.19221301047818548,1.9999003800539326,0.7508202791855055,0.6
7.01666666666695,6.389766023392902,8.84535067358194,9.020405544764547,8.268277710337276,-0.13902205528127026,0.04827513739355158,-1.5399999993598499,1.5399999990885402,0.5109197041127259,0.6
7.166666666666973,6.6129016990659615,8.78760434922918,9.158054984554083,8.03188795693083,-0.3700220551912642,0.010636335576945256,-1.5399999991623596,1.5399999986454531,0.2955396694874286,0.6
7.316666666666997,6.8168893459192175,8.680304734081622,9.242069406396006,7.840137538711514,-0.6010220547156991,0.0023434760297248226,-1.5399999930186223,1.5399999877397017,0.10467076170013326,0.6
7.46666666666702,7.014265137204323,8.514789943802517,9.297758958395033,7.704217738741059,-0.7195338333791229,0.10667595246747051,0.379059869369495,1.999891316047365,6.5257969817057955,0.6
7.616666666667044,7.245071551809893,8.323223778546513,9.363179930929316,7.5872752227879,-0.6665469047159855,0.2065391249668458,0.3324932536973574,1.9998920167975685,6.333549575479315,0.6
7.766666666667067,7.456566649261634,8.15662347053857,9.430138458614822,7.508363358778679,-0.7424357935583031,0.11283272295904861,-1.5399999946285954,1.5399999940237676,0.018689948347484123,0.6
7.916666666667091,7.607528756596731,7.982455135004624,9.487512173831016,7.501369409020235,-0.9734357924835335,0.024860140214708948,-1.5399999852937407,1.5399999771712645,0.09752705457867325,0.6
8.066666666667114,7.714604970320373,7.7783501342929435,9.976227590053872,6.365029879928171,-1.2044357908622922,0.005477369971808677,-1.5399999973385707,1.5399999971718237,0.22385735485391772,0.6
8.216666666667138,7.7721069594029455,7.5551513688943475,10.10473013416782,6.193693154442908,-1.4354357905597677,0.0012068146645372259,-1.539999997917136,1.5399999977030416,0.3909696623383683,0.6
8.366666666667161,7.776979979322324,7.324716082737741,10.218118670869378,6.042508438840828,-1.6664357899088895,0.0002658942452757884,-1.5399999924912309,1.5399999902801957,0.5899862785050075,0.6
8.516666666667184,7.735120110433466,7.062673102368894,10.327338672657163,5.8968817697904505,-1.6847919961368136,0.17469529566512887,1.2671365419801075,1.999890852615322,0.8367594768107137,0.6
8.666666666667208,7.728119635091835,6.763174196944126,10.467451970436898,5.710064039417471,-1.5046593790951786,0.28686767166066324,1.141998893060088,1.999945856126441,1.1050199244355718,0.6
8.816666666667231,7.772176332575201,6.466772939718088,10.624805659592127,5.500259120543831,-1.3430554102878862,0.30198096217504217,1.020175290485388,1.9998817918823422,1.3465696888529548,0.6
8.966666666667255,7.860821830290935,6.180457626961612,10.793656826973095,5.27512423070254,-1.1993571913184327,0.2960500172961689,0.9032210964045245,1.99988316353832,1.5581732513955033,0.6
9.116666666667278,7.98726927515871,5.908648386558711,10.969377695368326,5.040829739508897,-1.072733573860189,0.2859261948920197,0.7923384210883087,1.9998846808765007,1.7390481069200965,0.6
9.266666666667302,8.145615879824389,5.654063023624734,11.270725793004676,4.899844248936046,-0.9567529082785421,0.27837231063334694,0.7225422486418464,1.9998857229880653,1.889604825747128,0.6
9.416666666667325,8.330499378014967,5.417981201301477,11.391541070720958,4.611146083759586,-0.8579908640436563,0.2674623222455867,0.6023159650534776,1.9998876444804605,2.0111134375752147,0.6
9.566666666667349,8.535893379355246,5.199455388507271,11.502601824531899,4.32009907172897,-0.7766291920061942,0.2560890711498009,0.49002740456044985,1.9998895101348522,2.107212045315564,0.6
9.716666666667372,8.756748606837709,4.996523822511649,11.603628732353972,4.0295121055901255,-0.7115134567135996,0.24520923963671015,0.38520085972434454,1.9998912206271087,2.182011322035045,0.6
9.866666666667395,8.988923536662636,4.806612515488615,11.694938496268183,3.7411825315160714,-0.6615689025601913,0.2349912341052142,0.2872577811861505,1.9998926654115818,2.23974242872287,0.6
10.016666666667419,9.22903295901663,4.626811996696173,11.776755774009105,3.4558585764802707,-0.6258173449108435,0.2254206272529157,0.19548061014536197,1.999893941242552,2.2845797206501164,0.6
10.166666666667442,9.474278477760695,4.454065537365625,11.84807133040452,3.173087865148397,-0.6034115790692192,0.21642272796993123,0.10880025916927653,1.9998950675581664,2.3205513813041425,0.6
10.316666666667466,9.722273675001777,4.285280896978985,11.904273273915248,2.8908158440377942,-0.5937323113314653,0.20785257785494188,0.02512264069496218,1.9998960647088775,2.2946064553280783,0.6
10.46666666666749,9.970002816815786,4.1161073157951815,12.08603648066553,2.284908798336175,-0.6063911389448746,0.19456296819405164,-0.10722946967689556,1.9998974875713666,2.125597914026125,0.6
10.616666666667513,10.214969126001263,3.9429610327465943,12.179467659507473,2.051330851231318,-0.6252443868023972,0.18867211622153313,-0.14157964315702276,1.9998978404327894,1.963069558337965,0.6
10.766666666667536,10.456191216794325,3.7646396384380068,12.27415317391883,1.814617065202928,-0.648931023524374,0.1849003645298095,-0.17186753399232277,1.9998981515383496,1.8291321075208102,0.6
10.91666666666756,10.692726995397443,3.58015158753211,12.370308743231911,1.5742281419202233,-0.6768249646667425,0.18192299831927514,-0.19787680248647538,1.9998984208772697,1.72972839520448,0.6
11.066666666667583,10.923677155285791,3.3887214903160414,12.46808154428529,1.3297961392867768,-0.7082666689466472,0.17946555138510514,-0.21938679362329186,1.999898646746766,1.669931901997293,0.6
11.216666666667606,11.148201046655627,3.1897966588964395,12.567549972135195,1.0811250696620118,-0.7425666717201302,0.17748262570645276,-0.2362248459923003,1.9998988268137838,1.6531226204850187,0.6
11.36666666666763,11.365537848111826,2.9830464402613686,12.668726607343228,0.8281834816419322,-0.7790164762038727,0.1759732137969129,-0.2483110940142573,1.9998989587878802,1.6798556503974282,0.6
11.516666666667653,11.575029761767993,2.768352979618415,12.771564427374997,0.5710889315625076,-0.8169050607783913,0.17493723411644102,-0.2556883831519013,1.9998990411479893,1.7475778088107001,0.6
11.666666666667677,11.776143871296824,2.545793246321817,12.875965879979363,0.3100853000515915,-0.8555384068066753,0.1743645637620957,-0.25853338283089244,1.9998990742419798,1.8514022678435884,0.6
11.8166666666677,11.968489711478533,2.3156134335305154,12.98179404675514,0.04551488311215168,-0.8942592082879492,0.17423270032379165,-0.25714933654768285,1.9998990610854144,1.9854193234823416,0.6
11.966666666667724,12.15167772455777,2.0780827410791147,13.00527651200678,-0.25397683282954775,-0.9347301608421583,0.1729610243465655,-0.2856801642988356,1.9998993811057448,1.860491659373015,0.6
12.116666666667747,12.324520277950127,1.8329273803008206,13.009091989054104,-0.5596981327734545,-0.9798428463744736,0.17033406763265835,-0.3128338175173101,1.9998996947176781,1.6847867739702025,0.6
12.26666666666777,12.48567897694035,1.5799427569573623,13.010919719585985,-0.8639548040978955,-1.0283380993238636,0.16807832223397373,-0.33135848757421715,1.9998999104621231,1.5229482739406244,0.6
12.416666666667794,12.634081610626806,1.319273571384749,13.010957029320167,-1.1659303370169494,-1.0789744071409093,0.1665429448830296,-0.3419543689971501,1.999900015662329,1.3738136433234889,0.6
12.566666666667818,12.768941335480768,1.051348509674881,13.009539901151209,-1.464675568687566,-1.1306292753481053,0.1657415137102045,-0.3454836222189263,1.9998999338131167,1.2381858509459285,0.6
12.716666666667841,12.88976241498758,0.7768067365901478,13.00716091307625,-1.7592178313980735,-1.182316155631772,0.16560571322565976,-0.34287823045615584,1.9998988708510075,1.0038820611422525,0.6
12.866666666667864,12.996333560410406,0.4964242053846492,13.00445242933108,-2.0486657735838185,-1.2331885505505316,0.1660481939965838,-0.33506361193635326,1.9999171636950492,0.7222087171039081,0.6
13.016666666667888,13.050842913527507,0.26854536716320987,13.00215719653303,-2.272794275378902,-1.454142672308061,0.03980181862350207,-1.5399999951548882,1.539999992055427,0.531312226720399,0.6
13.166666666667911,13.051404606533376,0.038059245920452275,13.000198974533118,-2.4743649664736305,-1.6851426720416365,0.0087694312114051,-1.5399999988273518,1.539999998113895,0.44620177620921236,0.6
13.316666666667935,12.999181334436601,-0.18643328733400885,13.0,-2.6743246427129748,-1.916142671820812,0.0019321459321067103,-1.5399999982908605,1.5399999974229537,0.4394612323545425,0.6
13.466666666667958,12.896947414037903,-0.39300625930010097,13.0,-2.8821925702764837,-2.1471426709734205,0.00042570443420051344,-1.539999986916603,1.539999982000302,0.4856473622246965,0.6
13.616666666667982,12.745098321918231,-0.5764896035157854,13.0,-3.0645422601203736,-2.3379305877474406,0.044534531258208415,0.8714033314561973,1.999917349045872,0.5841679432648152,0.6
13.766666666668005,12.551098892643614,-0.8050383885352383,13.0,-3.2917153243708945,-2.211144889120111,0.23116076353087195,0.8209746876741165,1.9998926866834574,0.7188369218543977,0.6
13.916666666668029,12.386569184862262,-1.055665597548673,13.0,-3.5412474702802204,-2.092340017991407,0.2680819816662874,0.7653844303914075,1.9998865334051532,0.8195381031558766,0.6
14.066666666668052,12.251756698138022,-1.3234796842467933,13.0,-3.808228297122925,-1.98221850662379,0.27166464432638476,0.7056462143403407,1.9998867489860286,0.8871638270226552,0.6
14.216666666668075,12.145917750900638,-1.6040354022935435,13.0,-4.088183057376362,-1.8812902619878151,0.26765086166603663,0.6432121928293417,1.9998875856077862,0.9234724547961769,0.6
14.366666666668099,12.06752637639063,-1.8934865134787886,13.0,-4.3772295667932815,-1.7898392483741492,0.26183003251046416,0.5795908534667508,1.9998885799513344,0.9368839367619863,0.6
14.516666666668122,12.014498206161187,-2.188660466930488,13.0,-4.672157136954596,-1.707933946317222,0.25558810838945656,0.5161319577490976,1.9998894470529618,0.9981396059693832,0.6
14.666666666668146,11.984398732154663,-2.48706400773945,13.0,-4.97043558195208,-1.6354594495555979,0.2493234070075966,0.45393768367623144,1.9998903199691087,1.118254322517449,0.6
14.81666666666817,11.974878624745713,-2.7868442121628987,12.984059069477574,-5.270127674750896,-1.5710424210252598,0.24352069054143,0.38713478990779804,1.999891301500615,1.2821755751664883,0.6
14.966666666668193,11.982703364405259,-3.0866932386284667,12.88747176055081,-5.567513928705747,-1.5199826304959645,0.23529622153390672,0.29954092092754414,1.9998925358875763,1.4770127974473792,0.6
15.116666666668216,12.003928324481084,-3.3859068292826913,12.788252268536867,-5.860322172720343,-1.4815727495041513,0.22696787768920973,0.21816449676475885,1.9998936465191566,1.6941314598124315,0.6
15.26666666666824,12.034879213677362,-3.6842809822274307,12.68740030330039,-6.148104984592498,-1.454862116117393,0.2191128344466589,0.14322605924109968,1.9998946355157121,1.927814577523709,0.6
15.416666666668263,12.072187041233997,-3.9819330353326006,12.585675122565892,-6.430839171411204,-1.4388711608781128,0.21187273415101832,0.07488847885412563,1.999895484689234,1.9299990382280487,0.6
15.566666666668286,12.112796793327957,-4.279155458009105,12.48331764973985,-6.708673597815906,-1.4326052895032642,0.20528519494336203,0.013171514767728551,1.9998962019567612,1.8894978607986985,0.6
15.71666666666831,12.153959094183296,-4.576302389791922,12.379275452370605,-6.981504754855084,-1.4350961969012448,0.19934042229084717,-0.04235579772346559,1.9998968106983024,1.844076789814342,0.6
15.866666666668333,12.193196655350135,-4.8737083988140215,12.268705733314624,-7.247824405460436,-1.445535330456638,0.19393880972874109,-0.0935929901852057,1.9998973491047725,1.650692687512221,0.6
16.01666666666834,12.227511252143538,-5.171717893771515,12.085466158465689,-7.743601524602934,-1.4676346380992482,0.18693823877939006,-0.15863887305402963,1.9998980158640216,1.488733076137538,0.6
16.166666666668203,12.25471898244287,-5.470458095253886,11.9430336274778,-7.984886180690289,-1.493269610750672,0.18351803213290507,-0.20122285062387155,1.9998984529650488,1.3672334068028147,0.6
16.316666666668066,12.27428514612639,-5.769797740090056,12.166839458798908,-8.338018692756588,-1.5154272891066094,0.18583167606613213,-0.0973644703961482,1.9998973875236004,1.29705949128354,0.6
16.46666666666793,12.289650418885854,-6.069388046459308,12.477635997125793,-8.657152632821308,-1.5207398034029678,0.1952488299745701,0.02250356994496604,1.9998961144537468,1.2830185157081626,0.6
16.616666666667793,12.306206862804796,-6.368912680820764,12.871729335070302,-8.901320664481297,-1.5069185307611748,0.2073974824495624,0.15613709735477302,1.9998945107925827,1.2806396822725854,0.6
16.766666666667657,12.329927558256358,-6.667942574736939,13.307217325634316,-9.031537807581433,-1.4725221607530175,0.2208065507908108,0.29436380141778684,1.9998926404747777,1.2850996005015782,0.6
16.91666666666752,12.366910679082865,-6.965600569636247,13.707989623467922,-9.045004511613904,-1.4180929489027354,0.23405382305934708,0.42086655191252303,1.999890720836302,1.3025485333971891,0.6
17.066666666667384,12.422599736871868,-7.26030486073565,14.008975615236963,-8.988777708349193,-1.3467459976739653,0.24549320469463579,0.5193201533309725,1.9998890758169126,1.3385744036927463,0.6
17.216666666667248,12.500994492725072,-7.549773542414944,14.19491816039966,-8.924351939480845,-1.2634181455937137,0.25390426356730905,0.5823823425550999,1.9998880071847915,1.3974045853430364,0.6
17.36666666666711,12.604587381578154,-7.831181062482194,14.854746834785193,-8.95158227826173,-1.1673958890551854,0.2634357728586168,0.7070099982687811,1.9998860098060836,1.4019004788270042,0.6
17.516666666666975,12.73645005217501,-8.100476480483753,15.053029156102557,-9.017676385367519,-1.0628476453081552,0.26812256622415875,0.6873517214647633,1.9998863764659391,1.2716058167259217,0.6
17.66666666666684,12.89529846832949,-8.354799348162116,15.271265298596951,-9.090421766198984,-0.9616222342928264,0.26738100342502474,0.6627846218201935,1.9998869358509168,1.1141921394831993,0.6
17.816666666666702,13.078573053215301,-8.592137864462499,15.50655302606625,-9.16885100868875,-0.8645205183904863,0.26502147952005867,0.6326489414806106,1.9998885507827877,0.9322029206632525,0.6
17.966666666666566,13.283482107193734,-8.811088068345434,15.75595680316432,-9.251985601054773,-0.7723701303320589,0.2618784250290435,0.5971585550123729,1.99990744893696,0.7284201959331433,0.6
18.11666666666643,13.434973958791801,-8.989844512288077,15.950491418379492,-9.316830472793164,-0.9855780941889745,0.06271130777355141,-1.539999995755462,1.539999994326621,0.5721970492246431,0.6
18.266666666666293,13.539564036112532,-9.195234587997238,16.108196214935994,-9.369398738311997,-1.2165780936206847,0.013817019454357916,-1.5399999960783246,1.5399999955188457,0.46497981754566453,0.6
18.416666666666156,13.594351705873565,-9.419115088780082,16.227034498927903,-9.409011499642634,-1.4475780928179702,0.003044267959545044,-1.539999992774197,1.5399999922682976,0.40732360510959786,0.6
18.56666666666602,13.596426420541011,-9.64959255511936,16.30069308883727,-9.433564362945756,-1.6785780910418144,0.0006707355938238902,-1.539999982031128,1.539999981124977,0.4022913483456332,0.6
18.716666666665883,13.545677964258015,-9.87442306771887,16.32525893613508,-9.441752978711692,-1.9095780856729259,0.00014778127110661734,-1.5399999372483952,1.5399999340817077,0.45015038013560726,0.6
18.866666666665747,13.444802302859676,-10.081662707516276,16.29942700201179,-9.433142334003929,-2.1405780847900475,3.256024552766856e-05,-1.539999993913777,1.5399999935617252,0.5529104278905662,0.6
19.01666666666561,13.292382970289895,-10.269725666097912,16.22206020347458,-9.407353401158193,-2.2938280791959182,0.07955833307191224,1.5699999776248732,1.9998926205779124,0.7425047674969646,0.6
19.166666666665474,13.121763882322663,-10.51562612391655,16.13871505204268,-9.379571684014227,-2.058328080767468,0.2958665409406334,1.5699999960863054,1.9999396928565774,1.004196329156326,0.6
19.316666666665338,13.01322887168833,-10.794551994011403,16.121002256048456,-9.37366741868282,-1.82282808143118,0.34352594937173947,1.56999999494525,1.999940320359465,1.2534995809550433,0.6
19.4666666666652,12.97277120361006,-11.091103413116755,16.169900695933322,-9.38996689864444,-1.587328082354705,0.35402669407508003,1.5699999925777497,1.9999414165006921,1.4862000821733146,0.6
19.616666666665065,13.002624389545229,-11.388909537694506,16.282711052645293,-9.427570350881764,-1.35182808383507,0.35634041804686495,1.5699999871664923,1.9999431593639962,1.698765623259435,0.6
19.76666666666493,13.101140498540767,-11.67153014286512,16.453205785435063,-9.484401928478354,-1.1163280870510646,0.35685029662349393,1.5699999640339917,1.9999440539647253,1.8881019865228226,0.6
19.916666666664792,13.262817893434613,-11.923412710745833,16.67194649082503,-9.557315496941676,-0.8830275149788259,0.3551164333546492,1.4982284142855,1.9999445430207017,2.0515475619343895,0.6
20.066666666664656,13.476294717955517,-12.13339897132075,16.925587544817184,-9.641862514939062,-0.6737279788074447,0.3411608943511461,1.306395931802585,1.9999451405458266,2.1896982319113283,0.6
20.21666666666452,13.726622902939084,-12.297965864052214,17.19949081514364,-9.73316360504788,-0.4916670847659067,0.3241083629630228,1.1337406767028022,1.9999457232727715,2.3080565856527344,0.6
20.366666666664383,14.001241788152784,-12.417920430092867,17.4823939146623,-9.827464638220766,-0.33408363938991753,0.3077905836483162,0.9787986829559603,1.9998821851633297,2.4124221498012433,0.6
20.516666666664246,14.290507511936216,-12.496512645134649,17.766420380402668,-9.922140126800889,-0.19843984871760617,0.2929431003053417,0.8400569106947814,1.9998839866003557,2.493158577249986,0.6
20.66666666666411,14.587394024757947,-12.538361353562074,17.362625653662015,-11.069148644476087,-0.08714017026325266,0.2755722364170822,0.5759492255311839,1.9998880771117122,2.536863132373915,0.6
20.816666666663973,14.886967911023916,-12.552469442100895,17.64458470390526,-11.15339733538777,-0.008500738444861464,0.2566117025169063,0.4795268299912084,1.9998896827702055,2.5522878162881177,0.6
20.966666666663837,15.186807338402536,-12.54506746205767,17.92727807434061,-11.229037236384858,0.05642133117214742,0.24539232606108966,0.3924582870949884,1.999891104084774,2.551655012822765,0.6
21.1166666666637,15.485714191449718,-12.520084048373157,18.21279550276364,-11.293827352477983,0.10900287412297714,0.23659173123792923,0.3144695792620817,1.9998922757876572,2.5651374234453015,0.6
21.266666666663564,15.783128506188023,-12.481070461154882,18.50509387096461,-11.343835465232619,0.15061701695167948,0.22904046983676576,0.2458168964596592,1.9998932490893488,2.5991873055530386,0.6
21.416666666663428,16.078915151349218,-12.431141203934937,18.811452736987356,-11.37086029494914,0.18275349234176383,0.22255251627676031,0.18789054178695813,1.999894042954716,2.6559491826244583,0.6
21.56666666666329,16.373181888330052,-12.372891227791893,19.147106053562638,-11.354138321347914,0.20730653857528633,0.21732616992039624,0.14505794374570394,1.999894607207444,2.736410949714654,0.6
21.716666666663155,16.66609743935447,-12.30817661090889,19.552242665591837,-11.222353650793583,0.22750011013363297,0.21420414856615055,0.1327321394870302,1.9998947654875505,2.840251587369098,0.6
21.86666666666302,16.957568590956267,-12.23725069549862,20.140612259656546,-10.530433031384966,0.25281805702177385,0.217341402776484,0.24029332624287245,1.9998933260190286,2.9653018344281334,0.6
22.016666666662882,17.245324682719158,-12.152802949760671,18.532344115651963,-7.5524928169984165,0.3390597535030509,0.2563476241674529,0.9641175512088498,1.9998823622973314,3.10308922781604,0.6
22.166666666662746,17.519552018924717,-12.031920319943042,18.0,-7.5,0.4915688479634436,0.29106819783853205,0.9787360755433056,1.9998821855735947,3.2302578960378576,0.6
22.31666666666261,17.77322438686168,-11.872254386257753,18.0,-7.5,0.6313727709577945,0.2919110219700911,0.8920811574570109,1.999883278742952,3.2402721742148546,0.6
22.466666666662473,18.00338409189115,-11.680176880816465,18.0,-7.5,0.75906821137975,0.28590632405983724,0.8164435186363115,1.999884319933663,3.008753202595358,0.6
22.616666666662336,18.208402703459036,-11.461421074737647,18.0,-7.5,0.8762036285199295,0.279185892817847,0.7505491814648458,1.9998852890611982,2.802312520693189,0.6
22.7666666666622,18.387585881705938,-11.221013698556357,18.0,-7.5,0.9841560368498317,0.2730138775880018,0.6933662120215471,1.99988617202218,2.6216877452618945,0.6
22.916666666662064,18.540873138787266,-10.963297186776812,18.0,-7.5,1.0841646554710533,0.26759915986411453,0.6440737183197764,1.9998869595570339,2.46696799785191,0.6
23.066666666661927,18.66860964060296,-10.691989042630894,18.0,-7.5,1.1773611434549676,0.2629336928151834,0.6020462451044332,1.999887646198368,2.3378256896975955,0.6
23.21666666666179,18.771374503993265,-10.410258732056132,18.0,-7.5,1.2647986979541321,0.258976765363996,0.5668536130368573,1.9998882288794986,2.2336909751286917,0.6
23.366666666661654,18.84985140879912,-10.12081084833939,18.0,-7.5,1.3474825503774897,0.25569650683831163,0.5382795772805966,1.9998887051782614,2.15388314848569,0.6
23.516666666661518,18.904777178777636,-9.825976493440514,18.0,-7.342460606836475,1.4255073800700941,0.2523854614988269,0.49579868488057527,1.9998894141746681,2.0976765299636893,0.6
23.66666666666138,18.93772554134975,-9.527869175115507,18.0,-7.044484596297952,1.4952530028030337,0.24723671336071318,0.4375857342364053,1.9998903773542327,2.0635686036745717,0.6
23.816666666661245,18.951101653421425,-9.228230744255994,18.0,-6.744894280640532,1.5563877502414565,0.24164256493305244,0.3810207495972948,1.999891288328264,2.0491702143022152,0.6
23.96666666666111,18.947386591345794,-8.928304930983956,18.0,-6.44495942070191,1.6092128245861665,0.236112870783844,0.32675402298624406,1.9998921024135916,2.052000534669549,0.6
24.116666666660972,18.929023372569148,-8.628908921177503,18.0,-6.145518775123147,1.6541119533311783,0.23080114397474386,0.2752522007237667,1.9998928373199991,2.0696125723873493,0.6
24.266666666660836,18.8983552354389,-8.330514328816275,18.0,-5.847061059921456,1.691526912286358,0.22577003380914276,0.2268369801594687,1.9998935142481424,2.0996563457105886,0.6
24.4166666666607,18.857586967286494,-8.033325094988855,18.0,-5.549803156500522,1.7219386666236054,0.22105269793869425,0.1817207189234547,1.999894126595613,2.1399186776586205,0.6
24.566666666660563,18.80876336398159,-7.737347982102164,18.0,-5.253761088582735,1.7458533858975085,0.21666880172134928,0.14003586297449472,1.999894672581087,2.1883455417048268,0.6
24.716666666660426,18.753759556993835,-7.442453590646988,18.0,-4.958811591990807,1.7637923141637908,0.2126299801130864,0.10185728233516257,1.9998951538709513,2.243052272583647,0.6
24.86666666666029,18.694278964832613,-7.148427288370566,18.0,-4.664743603293784,1.77628444205232,0.20894243317312544,0.06721778284867182,1.9998955742858873,2.3023259458096876,0.6
25.016666666660154,18.631855712074064,-6.855010311918762,18.0,-4.371299891376303,1.7838610228194647,0.2056084008586109,0.0361176936074747,1.9998959386277275,2.364623141567637,0.6
25.166666666660017,18.56785935083844,-6.5619317617089195,18.0,-4.078209535013265,1.7870511382934424,0.20262698991610772,0.008529760103954377,1.9998962519132066,2.428565309212363,0.6
25.31666666665988,18.503500544741105,-6.268932418550281,18.0,-3.7852121678896005,1.786377718667664,0.19999456129495574,-0.015599280045481346,1.9998965188836162,2.4929331133178714,0.6
25.466666666659744,18.439837012739424,-5.975781381485653,18.0,-3.49207498874709,1.7823536287216408,0.19770483241833398,-0.036349056330497204,1.999896743761529,2.5566604943482325,0.6
25.616666666659608,18.377779485002222,-5.682286535072993,18.0,-3.198603545209971,1.7754776322766948,0.19574883065586912,-0.05382659919795405,1.9998969302252347,2.618828712565204,0.6
25.76666666665947,18.31809771327478,-5.388299840930416,18.0,-2.90464728709932,1.7662302184090102,0.1941148150149446,-0.06816702294306913,1.9998970814882686,2.6786603449270845,0.6
25.916666666659335,18.261426729552433,-5.093718427620869,18.0,-2.6101008646245365,1.755069402528065,0.1927882561663342,-0.07953314769934369,1.999897200430302,2.735513046413956,0.6
26.0666666666592,18.208273588618326,-4.798482424198122,18.0,-2.3149021186960193,1.742426694414176,0.19175193241109367,-0.08811369886125078,1.9998972897505558,2.788872840197879,0.6
26.216666666659062,18.15902479349578,-4.502570438651927,18.0,-2.0190276675846572,1.728703453104102,0.19098616565650306,-0.09412004899790165,1.999897352066496,2.838346734061698,0.6
26.366666666658926,18.113954519070113,-4.205993515834235,18.0,-1.7224869288822307,1.7142678321745992,0.19046919180090136,-0.09778172650886219,1.999897389981157,2.8836545424111044,0.6
26.51666666665879,18.07323364598884,-3.908788317167915,18.0,-1.4253153248448314,1.6994524710403454,0.1901776378712754,-0.09934108001290393,1.9998974061135468,2.9246198959458307,0.6
26.666666666658653,18.036939517015096,-3.6110101490552067,18.0,-1.1275673049444244,1.684553023131707,0.19008706559005367,-0.09904755351404336,1.9998974030790406,2.961160521646814,0.6
26.816666666658517,18.005066246946484,-3.3127263357715218,18.0,-0.8293096889467524,1.669827544069938,0.19017253748023327,-0.09715200963085899,1.9998973834676743,2.993277958133188,0.6
26.96666666665838,17.97753536344436,-3.0140102958713846,18.0,-0.5306156971041087,1.6554967028051477,0.19040916531261157,-0.09390146264336391,1.999897349802716,2.9789530731679044,0.6
27.116666666658244,17.954206531636153,-2.71493654929015,18.0,-0.23155990167908413,1.6417447325136731,0.19077260904202872,-0.0895344783914608,1.9998973045100563,2.9553953945251195,0.6
27.266666666658107,17.934888117287098,-2.415576764362161,18.0,0.06778578491062248,1.6287210082203536,0.19123950474109463,-0.0842773887187224,1.9998972498642857,2.9358599501668756,0.6
27.41666666665797,17.919347365869594,-2.115996856098326,18.0,0.3673550691378846,1.6165421238523476,0.19178781029252093,-0.07834137134148418,1.999897187997665,2.9201160119593546,0.6
27.566666666657834,17.907320010996486,-1.8162550723413937,18.0,0.6670892424558907,1.6052943400435888,0.19239706633857018,-0.07192037092748958,1.999897120853641,2.9079008237190997,0.6
27.716666666657698,17.898519168664055,-1.5164009530552462,18.0,0.9669382669083397,1.5950362819622994,0.19304857653982377,-0.06518978635535676,1.9998970502038302,2.8989285381412238,0.6
27.86666666665756,17.892643417919498,-1.2164750180385036,18.0,1.2668611238140741,1.5858017801974529,0.1937255154466043,-0.05830582064571268,1.9998969776315354,2.8928983445504493,0.6
28.016666666657425,17.889384009801763,-0.916509026426071,18.0,1.5668255819063077,1.5776027642913422,0.19441297450749964,-0.05140537953316943,1.9998969045439907,2.8895017271601695,0.6
28.16666666665729,17.88843118214457,-0.6165266534797871,18.0,1.8668075398436024,1.5704321355569935,0.19509795736862504,-0.04460640693303128,1.9998968321715807,2.8884288296125575,0.6
28.316666666657152,17.889479586880945,-0.31654444234440016,18.0,2.166790086291579,1.5642665618425928,0.19576933514997436,-0.03800855579274533,1.9998967615757346,2.8893739310070963,0.6
28.466666666657016,17.892232858696943,-0.01657290700093215,18.0,2.4667624024861876,1.5590691510361383,0.19641777126286936,-0.031694107017780464,1.9998966936606069,2.892040061203666,0.6
28.61666666665688,17.896407369795142,0.2833823154943962,18.0,2.766718610447228,1.5547919719929288,0.19703562391087,-0.025729064395071534,1.9998966291688611,2.8961427994273024,0.6
28.766666666656743,17.901735226079637,0.5833193426610392,18.0,3.0666566472706425,1.551378401224089,0.1976168329528789,-0.020164367795289195,1.9998965687021744,2.9014133110224094,0.6
28.916666666656607,17.907966566341578,0.8832390114569482,18.0,3.366577223990264,1.5487652813305115,0.19815679645706422,-0.015037179362650359,1.9998965127199788,2.9076006836814905,0.6
29.06666666665647,17.9148712290568,1.1831439679032174,18.0,3.6664829075886214,1.5468848831317545,0.198652241126959,-0.010372207491816098,1.9998964615564714,2.914473627659927,0.6
29.216666666656334,17.922239852122658,1.4830379020316011,18.0,3.966377347581835,1.5456666680755622,0.19910108985770425,-0.006183041180927354,1.9998964154164802,2.9218216053116137,0.6
29.366666666656197,17.929884469998616,1.782924934842754,18.0,4.2662646545534155,1.5450388511446451,0.1995023289742949,-0.002473473138099859,1.9998963744059177,2.929455454488984,0.6
29.51666666665606,17.937638670824143,2.0828091532408495,18.0,4.566148927118139,1.544929767370626,0.19985587717891096,0.000761205771402045,1.9998963385232866,2.9379523449246503,0.6
29.666666666655924,17.94535737355001,2.382694281175725,18.0,4.866033915902753,1.5452690474219917,0.20016245785006107,0.0035329550739819815,1.9998963076839258,2.9675922063460343,0.6
29.816666666655788,17.952916282178087,2.682583470172449,18.0,5.1659228079401665,1.5459886096909987,0.20042347605207775,0.005859788228265375,1.9998962817308932,3.0266687271865833,0.6
29.96666666665565,17.960211071002192,2.982479189676745,18.0,5.465818112005273,1.5470234779480214,0.20064090139017945,0.007764641228254528,1.9998962604390722,3.040185732113429,0.6
30.116666666655515,17.967156351353538,3.282383196768613,18.0,5.76572162445116,1.548312435003801,0.2008171576578801,0.009274314606695139,1.999896243534265,3.033219101789257,0.6
30.26666666665538,17.973684466815595,3.5822965653750107,18.0,6.0656344556136865,1.5497985239377416,0.20095502005121058,0.010418495498587827,1.9998962307050538,3.026666320663555,0.6
30.416666666655242,17.97974416020665,3.882219756733762,18.0,6.365557098425278,1.5514294093163534,0.20105752055341305,0.011228864741471122,1.999896221613302,3.02057952033989,0.6
30.566666666655106,17.98529915185299,4.182152715170428,18.0,6.665489523159232,1.5531576114383079,0.20112786192635254,0.01173829229476052,1.9998962158902955,3.014995774225671,0.6
30.71666666665497,17.990326664817488,4.482094975924431,18.0,6.965431284886659,1.554940627001676,0.20116934057554403,0.011980122584283872,1.9998962131747235,2.9531546294671744,0.6
30.866666666654833,17.99481592884426,4.7820457745510545,18.0,7.265381633019139,1.5567409497012914,0.20118527839001432,0.011987549767853208,1.9998962130940505,2.79144166285475,0.6
31.016666666654697,17.998766690872248,5.082004150128471,18.0,7.565339615020298,1.558526004143484,0.20117896350343775,0.01179308142375533,1.9998962152837045,2.653403495258134,0.6
31.16666666665456,18.002187756110573,5.381969036973909,18.0,7.865304168861055,1.5602680061329317,0.20115359977879446,0.011428087830721554,1.9998962193942882,2.5429069248059184,0.6
31.316666666654424,18.005095579907092,5.681939341725321,18.0,8.165274200964834,1.5619437618688843,0.20111226469351712,0.010922432868047754,1.9998962250835322,2.463676604202967,0.6
31.466666666654287,18.007512927029488,5.981914004427418,18.0,8.465248648192407,1.5635344179160755,0.2010578751961908,0.010304181636521295,1.9998962320328857,2.4179181951199222,0.6
31.61666666665415,18.00946761155953,6.281892043658245,18.0,8.765226523835153,1.5650251730218618,0.20099316102128123,0.00959937918929544,1.9998962399448736,2.3826748196646417,0.6
31.766666666654015,18.010991327414466,6.581872586759416,18.0,9.0652069486319,1.56640496196714,0.20092064488485817,0.008831894260569014,1.9998962485582412,2.3470016577001593,0.6
31.916666666653878,18.01211857658271,6.881854886916983,18.0,9.365189168526534,1.567666120695221,0.20084262893868218,0.00802332157300332,1.99989625762778,2.310932909706017,0.6
32.066666666653745,18.012885699514804,7.181838329241289,18.0,9.665172561299073,1.5688040409874433,0.20076118684073277,0.007192936171070549,1.9998962669386977,2.274504634821769,0.6
32.21666666665361,18.01333000975527,7.481822428147145,18.0,9.96515663436869,1.5698168219707815,0.20067816078786493,0.0063576932426249325,1.99989627630067,2.2377538866692137,0.6
32.36666666665347,18.013489032840283,7.781806818302531,18.0,10.265141016042499,1.5707049247717115,0.20059516286304568,0.005532267029817081,1.9998962855496476,2.2007179534954733,0.6
32.516666666653336,18.013399847714727,8.08179124124839,18.0,10.565125442324817,1.5714708356885372,0.20051358006819228,0.004729122668677383,1.9998962945541372,2.1634337007321145,0.6
32.6666666666532,18.01309852743232,8.381775529531346,18.0,10.865109741144956,1.5721187423543843,0.20043458243767318,0.003958615112169291,1.9998963031914112,2.1259370126034893,0.6
32.81666666665306,18.012619674679044,8.68175958988518,18.0,11.165093815556503,1.5726542265152261,0.20035913366378685,0.0032291096643766097,1.9998963113811872,2.088262328227076,0.6
32.96666666665293,18.01199604668556,8.981743386670331,18.0,11.465077627136594,1.5730839762587507,0.20028800370152813,0.0025471190664424657,1.999896319046959,2.0504422667087017,0.6
33.11666666665279,18.011258263351234,9.281726926462351,18.0,11.765061180492026,1.5734155198054596,0.20022178286382142,0.0019174525143107544,1.9998963261447298,2.0125073350258074,0.6
33.266666666652654,18.010434591867778,9.581710244388203,18.0,12.065044509487464,1.5736569823162423,0.200160896961764,0.0013433724410334199,1.9998963326367842,1.9744857119865988,0.6
33.41666666665252,18.0095508007851,9.881693392553444,18.0,12.365027665551082,1.5738168665816505,0.20010562309005483,0.0008267553538188244,1.9998963385140904,1.9364031012326344,0.6
33.56666666665238,18.008630076283637,10.181676430692134,18.0,12.66501070820075,1.5739038579377158,0.20005610570336674,0.0003682534689592709,1.9998963437688437,1.8982826460930682,0.6
33.716666666652245,18.007692993385298,10.481659419005142,18.0,12.964993697763767,1.5739266532997338,0.2000123726737941,-3.254566968819038e-05,1.9998963484122354,1.8601448990804437,0.6
33.86666666665211,18.006757534928944,10.781642413031356,18.0,13.264976690140792,1.5738938138173093,0.1999743510640589,-0.0003769639767531715,1.9998963524685942,1.8220078389198147,0.6
34.01666666665197,18.005839151337497,11.081625460314633,18.0,13.564959733380267,1.5738136403281517,0.19994188239158253,-0.000667083997917277,1.9998963559669314,1.783886928207517,0.6
34.166666666651835,18.00495085449229,11.381608598582888,18.0,13.864942865781217,1.5736940705213605,0.1999147371994657,-0.0009056080691888398,1.999896358943767,1.7457952050838594,0.6
34.3166666666517,18.00410304178054,11.68159185425729,18,14,1.5735478403731624,0.19989664826249587,-0.0009829016901364337,1.999896360194807,1.7077431848189468,0.6
34.46666666665156,18.003299366438206,11.981575231494281,18,14,1.5734015996021617,0.19989324111893764,-0.0009707550425259528,1.999896360526188,1.6697349383967568,0.6
34.616666666651426,18.002584241838022,12.263669151748461,18,14,1.5732559614475468,0.18797755260513616,-0.0009712613939281197,1.7509237901605554,1.6337710672226449,0.6
34.76666666665129,18.002004104209334,12.506464745463239,18,14,1.5731102142289939,0.16524912380310156,-0.0009719948755871275,1.5060873207370595,1.6028204506858874,0.6
34.91666666665115,18.001535538530224,12.715309635744793,18,14,1.572964356168754,0.14291493557887988,-0.0009727326807445251,1.2954870001794943,1.5762282021053422,0.6
35.06666666665102,18.00115870535813,12.89495122972616,18,14,1.57281838821502,0.12309041312456681,-0.0009734663388131184,1.1143355022865202,1.5533806401025387,0.6
35.21666666665088,18.00095018858226,13.000529240234302,18,14,1.5727210150391375,0.06725504412257846,0,0,1.5389079158430705,0.6
35.366666666650744,18.00095018858226,13.000529240234302,18,14,1.5727210150391375,0.014818129135588885,0,0,1.5389079158430705,0.6
35.51666666665061,18.00095018858226,13.000529240234302,18,14,1.5727210150391375,0.003264839893328878,0,0,1.5389079158430705,0.6
35.66666666665047,18.00095018858226,13.000529240234302,18,14,1.5727210150391375,0.000719333691287075,0,0,1.5389079158430705,0.6
35.816666666650335,18.00095018858226,13.000529240234302,18,14,1.5727210150391375,0.00015848892329390742,0,0,1.5389079158430705,0.6
35.9666666666502,18.00095018858226,13.000529240234302,18,14,1.5727210150391375,3.491945269784059e-05,0,0,1.5389079158430705,0.6
36.11666666665006,18.00095018858226,13.000529240234302,18,14,1.5727210150391375,7.69371228836911e-06,0,0,1.5389079158430705,0.6
36.266666666649925,18.00095018858226,13.000529240234302,18,14,1.5727210150391375,1.6951356393928345e-06,0,0,1.5389079158430705,0.6
36.41666666664979,18.00095018858226,13.000529240234302,18,14,1.5727210150391375,3.734848312801763e-07,0,0,1.5389079158430705,0.6
36.56666666664965,18.00095018858226,13.000529240234302,18,14,1.5727210150391375,8.228894252164076e-08,0,0,1.5389079158430705,0.6
36.716666666649516,18.00095018858226,13.000529240234302,18,14,1.5727210150391375,1.8130508910146756e-08,0,0,1.5389079158430705,0.6
36.86666666664938,18.00095018858226,13.000529240234302,18,14,1.5727210150391375,3.9946479231333414e-09,0,0,1.5389079158430705,0.6
37.01666666664924,18.00095018858226,13.000529240234302,18,14,1.5727210150391375,8.801303983730454e-10,0,0,1.5389079158430705,0.6
37.16666666664911,18.00095018858226,13.000529240234302,18,14,1.5727210150391375,1.9391684399877932e-10,0,0,1.5389079158430705,0.6
